Business Name,Address,Category,Google Maps Link,Website,Email,Rating,Reviews,Phone
"INNOBAYT Innovative Solutions (AI, IoT, App Development)","1602, API Trio Office Tower",شركة برمجيات,"https://www.google.com/maps/place/INNOBAYT+Innovative+Solutions+%28AI,+IoT,+App+Development%29/data=!4m7!3m6!1s0x3e5f6b2b48c8d82d:0xc8271d9d286047c3!8m2!3d25.1134627!4d55.188235!16s%2Fg%2F11s_skm8rt!19sChIJLdjISCtrXz4Rw0dgKJ0dJ8g?authuser=0&hl=ar&rclk=1",https://www.google.com/aclk?sa=l&ai=DChcSEwiCwLKx1IyMAxUbU0ECHQ82KcYYABABGgJ3cw&co=1&ase=2&gclid=EAIaIQobChMIgsCysdSMjAMVG1NBAh0PNinGEBAYASAAEgLXXvD_BwE&sig=AOD64_0uWRjFC0hpb-nmlj1mvsMp-2k8IQ&adurl&ctype=99&nis=6,,5.0,2,+971 58 534 8237
Yomly,Business Central Towers - 50th Floor,شركة برمجيات,https://www.google.com/maps/place/Yomly/data=!4m7!3m6!1s0x3e5f6be106184c39:0xd5b7c59d3bfc96cc!8m2!3d25.1004487!4d55.1694916!16s%2Fg%2F11gy9qr8bx!19sChIJOUwYBuFrXz4RzJb8O53Ft9U?authuser=0&hl=ar&rclk=1,https://www.google.com/aclk?sa=l&ai=DChcSEwiCwLKx1IyMAxUbU0ECHQ82KcYYABAAGgJ3cw&co=1&ase=2&gclid=EAIaIQobChMIgsCysdSMjAMVG1NBAh0PNinGEBAYAiAAEgLrc_D_BwE&sig=AOD64_2bNcYDr_uJLLVnIlyYeZlt7gKrqQ&adurl&ctype=99&nis=6,info@yomly.com,4.3,28,+971 4 436 1888
FRS Technology LLC,+971 54 565 7400,شركة برمجيات,https://www.google.com/maps/place/FRS+Technology+LLC/data=!4m7!3m6!1s0x8b749c71cadcb15f:0xb138b04d6e655326!8m2!3d25.18935!4d55.2565491!16s%2Fg%2F11rvz1knhj!19sChIJX7HcynGcdIsRJlNlbk2wOLE?authuser=0&hl=ar&rclk=1,https://frs-tech.com/,support@frs-tech.com,4.9,253,+971 54 565 7400
Peniel Technology LLC,"Office 205, NBQ Bank Building - 16th St - شارع خالد بن الوليد",Accounting software company,https://www.google.com/maps/place/Peniel+Technology+LLC/data=!4m7!3m6!1s0x3e5f434bc5378621:0xf122ee3366790238!8m2!3d25.2565087!4d55.3016633!16s%2Fg%2F1wnd_jwg!19sChIJIYY3xUtDXz4ROAJ5ZjPuIvE?authuser=0&hl=ar&rclk=1,https://www.penieltech.com/,info@penieltech.com,4.9,1,+971 50 961 7708
ToXSL Technologies,BUR DUBAI - R308 Building - near Burjuman Mall,شركة برمجيات,https://www.google.com/maps/place/ToXSL+Technologies/data=!4m7!3m6!1s0x3e5f656cb983ee57:0xde57360ed678865f!8m2!3d25.2550691!4d55.3023902!16s%2Fg%2F11t6pm2brs!19sChIJV-6DuWxlXz4RX4Z41g42V94?authuser=0&hl=ar&rclk=1,https://toxsl.ae/,sales@toxsl.ae,4.8,93,+971 54 200 7788
Fresa Global IT Consultants LLC,"Ent B, Al Fajer Complex - Office 105 -36,Tejasvi Business Center",شركة برمجيات,https://www.google.com/maps/place/Fresa+Global+IT+Consultants+LLC/data=!4m7!3m6!1s0x3e5f5d3a58429b7b:0xe60ade2712e912a4!8m2!3d25.2447038!4d55.3123619!16s%2Fg%2F11h7flxywk!19sChIJe5tCWDpdXz4RpBLpEifeCuY?authuser=0&hl=ar&rclk=1,https://www.fresatechnologies.com/,,4.9,138,+971 52 716 2605
PromptTech Middle East,"Sarah building - Office 109 , Floor 1 - 43 2nd St",شركة برمجيات,https://www.google.com/maps/place/PromptTech+Middle+East/data=!4m7!3m6!1s0x3e5f5d853638ba35:0xb9af9eaa04b8c04b!8m2!3d25.2522196!4d55.3374819!16s%2Fg%2F11c6yhwcqh!19sChIJNbo4NoVdXz4RS8C4BKqer7k?authuser=0&hl=ar&rclk=1,https://www.prompttechsolutions.com/,,4.7,340,+971 4 295 1668
VRS Technologies LLC,"Silver Home 507, Al Rolla Street,, Opp. Baqer Mohebi, Bur Dubai, P.O.BOX: 242026",شركة برمجيات,https://www.google.com/maps/place/VRS+Technologies+LLC/data=!4m7!3m6!1s0x3e5f43168091fdd9:0xad4cfc129eb51459!8m2!3d25.260033!4d55.2899006!16s%2Fg%2F11cn923yvr!19sChIJ2f2RgBZDXz4RWRS1nhL8TK0?authuser=0&hl=ar&rclk=1,https://www.vrstech.com/,support@vrstech.com,4.9,294,+971 56 702 9840
"TechGropse - Mobile App & Software Development Company in Dubai UAE | Hire Android, iOS & Software Developers in Dubai UAE","Al Owais building - Office ""307",شركة برمجيات,"https://www.google.com/maps/place/TechGropse+-+Mobile+App+%26+Software+Development+Company+in+Dubai+UAE+%7C+Hire+Android,+iOS+%26+Software+Developers+in+Dubai+UAE/data=!4m7!3m6!1s0x3e5f5d8eda9b2713:0xb2551ec45e67f65d!8m2!3d25.2598447!4d55.3363583!16s%2Fg%2F11rnhvd167!19sChIJEyeb2o5dXz4RXfZnXsQeVbI?authuser=0&hl=ar&rclk=1",https://www.techgropse.com/mobile-app-development-company-dubai-uae,,4.9,31,+971 52 798 4766
Start Tech,"Souk Al Bahar - Sahaa Offices, Block C - Office 202",شركة برمجيات,https://www.google.com/maps/place/Start+Tech/data=!4m7!3m6!1s0x3e5f690ea2b93215:0xbb724c375c76b86d!8m2!3d25.1946394!4d55.2765141!16s%2Fg%2F11rylkk4g8!19sChIJFTK5og5pXz4Rbbh2XDdMcrs?authuser=0&hl=ar&rclk=1,https://start-tech.ae/,flags@2x.png,4.9,61,+971 800 78324
Sudo Technologies LLC,"Office 1004, 10th Floor Boulevard Plaza Tower 2",شركة برمجيات,https://www.google.com/maps/place/Sudo+Technologies+LLC/data=!4m7!3m6!1s0x3e5f43d2e6ebaa21:0x336622cb636bc596!8m2!3d25.199828!4d55.2738342!16s%2Fg%2F11fksp8qkf!19sChIJIarr5tJDXz4RlsVrY8siZjM?authuser=0&hl=ar&rclk=1,,,5.0,5,+971 52 563 8886
Chacra Software,"Marina Plaza, Level 29",شركة برمجيات,https://www.google.com/maps/place/Chacra+Software/data=!4m7!3m6!1s0x3e5f6d26be671d73:0x4ac7c77f7fdb9be6!8m2!3d25.0753976!4d55.1398252!16s%2Fg%2F11p4bnt910!19sChIJcx1nviZtXz4R5pvbf3_Hx0o?authuser=0&hl=ar&rclk=1,https://www.chacrasoftware.com/,info@chacrasoftware.com,5.0,20,+971 50 471 4556
Dubai Leading Technologies,Office 303 Business Center Opposite Burjman Center - شارع خالد بن الوليد,شركة برمجيات,https://www.google.com/maps/place/Dubai+Leading+Technologies/data=!4m7!3m6!1s0x3e5f432ef86da901:0xe4826dd1ff6b0c77!8m2!3d25.2558812!4d55.3032915!16s%2Fg%2F1hm3lgsq1!19sChIJAalt-C5DXz4Rdwxr_9FtguQ?authuser=0&hl=ar&rclk=1,https://www.dubaileadingtech.com/,,4.2,33,+971 4 397 8880
Techbot Information Technology LLC | Official Odoo ERP Partner,Cambridge Business Center - Office 107,شركة برمجيات,https://www.google.com/maps/place/Techbot+Information+Technology+LLC+%7C+Official+Odoo+ERP+Partner/data=!4m7!3m6!1s0x3e5f692f9e716255:0xb801c4b7d814b37d!8m2!3d25.1168422!4d55.3720374!16s%2Fg%2F11px8v4pnz!19sChIJVWJxni9pXz4RfbMU2LfEAbg?authuser=0&hl=ar&rclk=1,https://www.techboterp.com/,,5.0,73,+971 4 388 3613
Xedos Technologies LLC - IT Company Dubai | IT Solutions Dubai | IT Support Services in UAE,"Unigrove Business Centre, Al Dar University Building - Office 26,4th Floor",شركة برمجيات,https://www.google.com/maps/place/Xedos+Technologies+LLC+-+IT+Company+Dubai+%7C+IT+Solutions+Dubai+%7C+IT+Support+Services+in+UAE/data=!4m7!3m6!1s0x3e5f5d07126d90fd:0xd6de782764a6f3cc!8m2!3d25.2525862!4d55.3388302!16s%2Fg%2F11h2bbc24p!19sChIJ_ZBtEgddXz4RzPOmZCd43tY?authuser=0&hl=ar&rclk=1,https://xedos.ae/,info@xedos.ae,4.9,51,+971 52 607 3989
Silwatech,,شركة برمجيات,https://www.google.com/maps/place/Silwatech/data=!4m7!3m6!1s0x3e5f6b59c8fe8b21:0x751a268d034f7055!8m2!3d25.228622!4d55.285558!16s%2Fg%2F11n67vjjdt!19sChIJIYv-yFlrXz4RVXBPA40mGnU?authuser=0&hl=ar&rclk=1,https://silwatech.com/,support@silwatech.com,4.8,107,
Mass Technologies,"Suite #712, Iris Bay tower Tower, 7th floor",شركة برمجيات,https://www.google.com/maps/place/Mass+Technologies/data=!4m7!3m6!1s0x3e5f5c92e145013f:0x1a5f69a59840ae21!8m2!3d25.1859019!4d55.2602652!16s%2Fg%2F11bbwpr_c3!19sChIJPwFF4ZJcXz4RIa5AmKVpXxo?authuser=0&hl=ar&rclk=1,https://www.masstechme.com/,Info@masstechme.com,4.8,23,+971 56 954 3544
D Tech IT Solutions,Al Gaizi Plaza - 301,شركة برمجيات,https://www.google.com/maps/place/D+Tech+IT+Solutions/data=!4m7!3m6!1s0x3e5f4311a681c96f:0x81bc2e950749dc4!8m2!3d25.2527895!4d55.338798!16s%2Fg%2F11h7df8kbp!19sChIJb8mBphFDXz4RxJ10UOnCGwg?authuser=0&hl=ar&rclk=1,https://dtechitsolutions.com/,info@dtechitsolutions.com,4.9,46,+971 52 610 5132
Tomsher Technologies LLC | Web Design Company Dubai | Digital Marketing,"13 26th St, Wafi Residence,, opposite Dubai Healthcare City Metro Station, Oud Metha Road,",شركة برمجيات,https://www.google.com/maps/place/Tomsher+Technologies+LLC+%7C+Web+Design+Company+Dubai+%7C+Digital+Marketing/data=!4m7!3m6!1s0x3e5f5d3616f6e899:0xf2df842cf46f09c7!8m2!3d25.2305101!4d55.3210733!16s%2Fg%2F11fz9wt6jk!19sChIJmej2FjZdXz4Rxwlv9CyE3_I?authuser=0&hl=ar&rclk=1,https://www.tomsher.com/,,4.9,166,+971 55 560 0966
Beveron Technologies,"Office 101, Building No. 6",شركة برمجيات,https://www.google.com/maps/place/Beveron+Technologies/data=!4m7!3m6!1s0x3e5f69d0e2194a63:0xf9522133a42cc067!8m2!3d25.1851996!4d55.2799277!16s%2Fg%2F11fzbtcv09!19sChIJY0oZ4tBpXz4RZ8AspDMhUvk?authuser=0&hl=ar&rclk=1,https://www.beveron.com/,info@beveron.com,5.0,133,+971 55 764 8808
Topform Technologies LLC. Head Office - Dubai,Topform Technologies LLC,شركة برمجيات,https://www.google.com/maps/place/Topform+Technologies+LLC.+Head+Office+-+Dubai/data=!4m7!3m6!1s0x3e5f6bdbd255bc7f:0xe02e9fe83d7c4bc0!8m2!3d25.1576061!4d55.2474327!16s%2Fg%2F11gg603vgx!19sChIJf7xV0ttrXz4RwEt8PeifLuA?authuser=0&hl=ar&rclk=1,http://topformtechnologies.com/,info@topformtechnologies.com,4.7,51,+971 4 396 0302
